2021-07-07T12:28:44Z,568B54E285B1,DEBUG,Fulfilment requested. Request ID: 28934205
2021-07-07T12:28:35Z,E12D94628409,DEBUG,Fulfilment requested. Request ID: 32091531
2021-07-07T12:28:54Z,0F66F6667763,DEBUG,Fulfilment requested. Request ID: 33687830
2021-07-07T12:28:52Z,2B6A4D5F4C77,DEBUG,Fulfilment requested. Request ID: 22934013
2021-07-07T12:28:46Z,871D2C1B48C6,DEBUG,Fulfilment requested. Request ID: 33969319
2021-07-07T12:28:33Z,B814E1B36559,DEBUG,Fulfilment requested. Request ID: 35393554
2021-07-07T12:29:02Z,DEA588A0240E,DEBUG,Fulfilment requested. Request ID: 32293642
2021-07-07T12:28:22Z,574EB1577CAF,DEBUG,Fulfilment requested. Request ID: 37949617
2021-07-07T12:29:03Z,B154A41742CB,DEBUG,Fulfilment requested. Request ID: 39125623
2021-07-07T12:28:10Z,EB4F6F0B03F8,DEBUG,Fulfilment requested. Request ID: 23539007
2021-07-07T12:29:01Z,696CE5909038,DEBUG,Fulfilment requested. Request ID: 33977324
2021-07-07T12:28:11Z,F4B942B15428,DEBUG,Fulfilment requested. Request ID: 30852644
2021-07-07T12:28:21Z,D2041715072C,DEBUG,Fulfilment requested. Request ID: 23604919
2021-07-07T12:28:48Z,B0FA65DC1B7D,DEBUG,Fulfilment requested. Request ID: 23133715
2021-07-07T12:28:57Z,57514CE54AB9,DEBUG,Fulfilment requested. Request ID: 23838510
2021-07-07T12:28:23Z,C6CB55FFA6BF,DEBUG,Fulfilment requested. Request ID: 39540281
2021-07-07T12:28:58Z,9654C0F69241,DEBUG,Fulfilment requested. Request ID: 26097068
2021-07-07T12:28:59Z,268044A62EAF,DEBUG,Fulfilment requested. Request ID: 34843461
2021-07-07T12:28:43Z,5619F80C7C8A,DEBUG,Fulfilment requested. Request ID: 28772623
2021-07-07T12:28:20Z,550F33AE1ACE,DEBUG,Fulfilment requested. Request ID: 36951803
2021-07-07T12:28:59Z,98E1852E6EE7,DEBUG,Fulfilment requested. Request ID: 37035674
2021-07-07T12:28:36Z,D01368FC6393,DEBUG,Fulfilment requested. Request ID: 26277504
2021-07-07T12:28:20Z,4D14D8269C13,DEBUG,Fulfilment requested. Request ID: 36836397
2021-07-07T12:28:14Z,F082174840BF,DEBUG,Fulfilment requested. Request ID: 24442104
2021-07-07T12:29:06Z,6C180B07832F,DEBUG,Fulfilment requested. Request ID: 21705651
2021-07-07T12:28:47Z,C88EA0483AF0,DEBUG,Fulfilment requested. Request ID: 31550742
2021-07-07T12:28:43Z,80A3E84049BE,DEBUG,Fulfilment requested. Request ID: 25069529
2021-07-07T12:28:24Z,2B294F789BEF,DEBUG,Fulfilment requested. Request ID: 26790548
2021-07-07T12:28:51Z,4DE4228E3D16,DEBUG,Fulfilment requested. Request ID: 37388827
2021-07-07T12:28:54Z,242C83CD7B27,DEBUG,Fulfilment requested. Request ID: 31971829
2021-07-07T12:29:03Z,5B992D3B5E79,DEBUG,Fulfilment requested. Request ID: 31353062
2021-07-07T12:29:01Z,0E2F41C213FF,DEBUG,Fulfilment requested. Request ID: 23663225
2021-07-07T12:28:46Z,BC567EE326E2,DEBUG,Fulfilment requested. Request ID: 32423141
2021-07-07T12:29:01Z,2B990B1C9320,DEBUG,Fulfilment requested. Request ID: 23259711
2021-07-07T12:28:46Z,8A1D89456137,DEBUG,Fulfilment requested. Request ID: 26204367
2021-07-07T12:28:38Z,DB91BB1F2344,DEBUG,Fulfilment requested. Request ID: 21995444
2021-07-07T12:28:59Z,5F533D0429C2,DEBUG,Fulfilment requested. Request ID: 34089302
2021-07-07T12:28:14Z,A99FF0985F2D,DEBUG,Fulfilment requested. Request ID: 25621569
2021-07-07T12:28:58Z,3528AED57FAD,DEBUG,Fulfilment requested. Request ID: 25321332
2021-07-07T12:28:37Z,32531C1F5D13,DEBUG,Fulfilment requested. Request ID: 36541887
2021-07-07T12:28:35Z,CC88267C5831,DEBUG,Fulfilment requested. Request ID: 25507858
2021-07-07T12:28:17Z,7F41C12D1E2A,DEBUG,Fulfilment requested. Request ID: 32664071
2021-07-07T12:28:13Z,3D3EDA1E25CB,DEBUG,Fulfilment requested. Request ID: 24946405
2021-07-07T12:28:57Z,48CA62CC1A88,DEBUG,Fulfilment requested. Request ID: 21600893
2021-07-07T12:28:10Z,F21E57B302DE,DEBUG,Fulfilment requested. Request ID: 25871617
2021-07-07T12:28:44Z,34F2B2FA6E1E,DEBUG,Fulfilment requested. Request ID: 41116753
2021-07-07T12:29:03Z,2AD5FC032D42,DEBUG,Fulfilment requested. Request ID: 35745478
2021-07-07T12:28:28Z,3F40AD3A6804,DEBUG,Fulfilment requested. Request ID: 21496704
2021-07-07T12:28:22Z,DEA4BACC264F,DEBUG,Fulfilment requested. Request ID: 22141266
2021-07-07T12:28:31Z,A1E9BDF291D4,INFO,Fulfilment completed. Request ID: 35065041
2021-07-07T12:28:36Z,C19F2C5510F6,INFO,Fulfilment completed. Request ID: 38827256
2021-07-07T12:28:35Z,99285CD26E82,INFO,Fulfilment completed. Request ID: 33364842
2021-07-07T12:28:45Z,7BC253FA57A8,INFO,Fulfilment completed. Request ID: 31051549
2021-07-07T12:28:47Z,C36F6FC53DE6,INFO,Fulfilment completed. Request ID: 32376806
2021-07-07T12:29:02Z,E15607E60B75,INFO,Fulfilment completed. Request ID: 26647345
2021-07-07T12:28:43Z,B110B0162749,INFO,Fulfilment completed. Request ID: 41294397
2021-07-07T12:29:00Z,E54733E11D71,INFO,Fulfilment completed. Request ID: 22170540
2021-07-07T12:28:34Z,B3A82500A0D4,INFO,Fulfilment completed. Request ID: 28850079
2021-07-07T12:28:51Z,7E59D69D4886,INFO,Fulfilment completed. Request ID: 27963939
2021-07-07T12:28:28Z,4D2ACF7F294A,INFO,Fulfilment completed. Request ID: 35772675
2021-07-07T12:28:52Z,DA893F7A4810,INFO,Fulfilment completed. Request ID: 37250031
2021-07-07T12:28:29Z,AD84C7EF0EB6,INFO,Fulfilment completed. Request ID: 34960384
2021-07-07T12:28:38Z,B3740E372670,INFO,Fulfilment completed. Request ID: 41165879
2021-07-07T12:28:14Z,B41493189C77,INFO,Fulfilment completed. Request ID: 29448620
2021-07-07T12:28:23Z,B06AD5BF3049,INFO,Fulfilment completed. Request ID: 40887357
2021-07-07T12:28:38Z,43B6EA578BEF,INFO,Fulfilment completed. Request ID: 32264894
2021-07-07T12:28:36Z,E1586778956C,INFO,Fulfilment completed. Request ID: 26890514
2021-07-07T12:28:33Z,40E7964958D5,INFO,Fulfilment completed. Request ID: 31046570
2021-07-07T12:28:57Z,29D42D3E3574,INFO,Fulfilment completed. Request ID: 40754551
2021-07-07T12:28:30Z,1AEF75378997,INFO,Fulfilment completed. Request ID: 28679717
2021-07-07T12:28:37Z,C6F4CB4C7526,INFO,Fulfilment completed. Request ID: 34433723
2021-07-07T12:28:20Z,ACB728F57454,INFO,Fulfilment completed. Request ID: 25140803
2021-07-07T12:28:56Z,CBC594AA62B3,INFO,Fulfilment completed. Request ID: 29663238
2021-07-07T12:28:08Z,31504D8B60D4,INFO,Fulfilment completed. Request ID: 32979325
2021-07-07T12:28:08Z,36E4456A0AB8,INFO,Fulfilment completed. Request ID: 21377422
2021-07-07T12:28:50Z,91EE65589CEF,INFO,Fulfilment completed. Request ID: 35685689
2021-07-07T12:29:03Z,04FCF89A3C29,INFO,Fulfilment completed. Request ID: 22129840
2021-07-07T12:28:25Z,AF31B6463EC2,INFO,Fulfilment completed. Request ID: 28216669
2021-07-07T12:28:24Z,700E37D9484B,ERROR,Fulfilment errored! Request ID: 31992939. Error message: document service unavailable.
2021-07-07T12:28:47Z,71228C874347,ERROR,Fulfilment errored! Request ID: 35954124. Error message: document service unavailable.
2021-07-07T12:28:10Z,E7CF4E9267D1,ERROR,Fulfilment errored! Request ID: 23849402. Error message: document service unavailable.
2021-07-07T12:28:57Z,4B660C1F0CB8,ERROR,Fulfilment errored! Request ID: 25564684. Error message: document service unavailable.
2021-07-07T12:28:34Z,E966364D34B6,ERROR,Fulfilment errored! Request ID: 24335965. Error message: document service unavailable.
2021-07-07T12:28:44Z,9A687539A1D7,ERROR,Fulfilment errored! Request ID: 37868708. Error message: document service unavailable.
2021-07-07T12:28:15Z,35A2B2DB5232,ERROR,Fulfilment errored! Request ID: 30068808. Error message: document service unavailable.
2021-07-07T12:29:22Z,03B14A8E5DF1,ERROR,Fulfilment errored! Request ID: 23697626. Error message: document service unavailable. Error code 305.
